model_id,auc,logloss,aucpr,mean_per_class_error,rmse,mse
GBM_3_AutoML_1_20260420_101601,0.9967595459236326,0.0711435984958593,0.9980167785678972,0.0240970072239422,0.1361530077187387,0.0185376415108589
StackedEnsemble_AllModels_1_AutoML_1_20260420_101601,0.9963261093911248,0.0649369006849074,0.9975235192204168,0.0140866873065015,0.128327487096403,0.0164679439444774
GBM_1_AutoML_1_20260420_101601,0.996016511867905,0.0656374422859606,0.9972041223411284,0.0223426212590299,0.1290917024575544,0.0166646676433897
StackedEnsemble_BestOfFamily_1_AutoML_1_20260420_101601,0.99562435500516,0.0671576478409386,0.9969944634531056,0.0123323013415892,0.1269318071379675,0.0161116836633101
GBM_2_AutoML_1_20260420_101601,0.9949019607843136,0.0908751815102832,0.9968816475514676,0.0358617131062951,0.161488128368311,0.0260784156039001
GLM_1_AutoML_1_20260420_101601,0.9943859649122806,0.0773748272206832,0.9960575099732768,0.0194014447884416,0.1401290157141117,0.0196361410450057
GBM_4_AutoML_1_20260420_101601,0.994014447884417,0.0935058790738059,0.9963021219278456,0.0329205366357069,0.1593309500429122,0.025386351641577
DRF_1_AutoML_1_20260420_101601,0.9889886480908152,0.2384774731684203,0.9881032125338564,0.0417440660474716,0.1675733883985898,0.0280808404993846
